{"data": [0.45726860916529866, 0.3942759794229203, 0.46199261988284646, 0.49431701444103965, 0.4215037123561441], "indices": [605, 1105, 2210, 4117, 4246], "indptr": [0, 5], "shape": [1, 10000]}